"","logFC","logCPM","LR","PValue","FDR"
"PSME_30375",19.2913114162125,2.99284811071442,29.1193714492358,6.80531243087259e-08,0.00167397075174604
